Workbook

Sheet Trade Log
A1: Beginner Options Trade Journal - Entries + Trim Rollup
A2: Enter the position once here. Record every partial exit/trim on the Exit Log tab; the blue rollup columns update automatically.
A4: Trade ID | B4: Entry Date | C4: Day | D4: Entry Time | E4: Session Bucket | F4: Ticker | G4: Bias | H4: Setup | I4: Call/Put | J4: Entry Action | K4: Expiration | L4: DTE | M4: Strike | N4: ITM/ATM/OTM | O4: Contracts Bought | P4: Entry Premium | Q4: Entry Fees | R4: Underlying Entry Price | S4: Premium at Risk $ | T4: Stop/Invalidation | U4: Target / Trim Rule | V4: Reason for Entry | W4: Contracts Sold | X4: Contracts Open | Y4: Avg Exit Premium | Z4: Total Exit Proceeds $ | AA4: Total Exit Fees | AB4: Realized P&L $ | AC4: Realized Return % | AD4: Status | AE4: Last Exit Date | AF4: Last Exit Time | AG4: Followed Plan? | AH4: Emotion | AI4: Lesson | AJ4: Screenshot Link
A5: 2026-001 | B5: 46163 | C5: =IF(B5="","",TEXT(B5,"dddd")) -> Thursday | D5: 0.32638889 | E5: Opening 30 Min | F5: MU | G5: Bullish | H5: VWAP bounce | I5: Call | J5: Buy to Open | K5: 46164 | L5: =IF(OR(B5="",K5=""),"",K5-B5) -> 1 | M5: 755 | N5: OTM | O5: 10 | P5: 16.4 | Q5: 0.48 | R5: 748 | S5: =IF(OR(O5="",P5=""),"",O5*P5*100+IF(Q5="",0,Q5)) -> 16400.48 | T5: 5 minute close under VWAP | U5: Trim 1 contract per push; hold runners while trend holds | V5: Top 3 strongest stock of the day, fit VWAP bounce strategy | W5: =IF(A5="","",SUMIFS('Exit Log'!$I$5:$I$304,'Exit Log'!$A$5:$A$304,A5)) -> 10 | X5: =IF(A5="","",O5-W5) -> 0 | Y5: =IF(W5=0,"",SUMIFS('Exit Log'!$N$5:$N$304,'Exit Log'!$A$5:$A$304,A5)/(W5*100)) -> 21.756 | Z5: =IF(A5="","",SUMIFS('Exit Log'!$N$5:$N$304,'Exit Log'!$A$5:$A$304,A5)) -> 21756 | AA5: =IF(A5="","",SUMIFS('Exit Log'!$K$5:$K$304,'Exit Log'!$A$5:$A$304,A5)) -> 1.02 | AB5: =IF(A5="","",SUMIFS('Exit Log'!$P$5:$P$304,'Exit Log'!$A$5:$A$304,A5)) -> 5354.5 | AC5: =IF(W5=0,"",AB5/(W5*P5*100+IFERROR(Q5*W5/O5,0))) -> 0.32648435 | AD5: =IF(A5="","",IF(W5=0,"Open",IF(X5=0,"Closed","Partially Trimmed"))) -> Closed | AE5: =IF(W5=0,"",LOOKUP(2,1/('Exit Log'!$A$5:$A$304=A5),'Exit Log'!$C$5:$C$304)) -> 46163 | AF5: =IF(W5=0,"",LOOKUP(2,1/('Exit Log'!$A$5:$A$304=A5),'Exit Log'!$E$5:$E$304)) -> 0.41418981 | AG5: Mostly | AH5: Nervous; couldn’t figure out how to exit/trim | AI5: Scaling out helped reduce pressure while keeping runners. | AJ5: Paste chart link here
C6: =IF(B6="","",TEXT(B6,"dddd")) | L6: =IF(OR(B6="",K6=""),"",K6-B6) | S6: =IF(OR(O6="",P6=""),"",O6*P6*100+IF(Q6="",0,Q6)) | W6: =IF(A6="","",SUMIFS('Exit Log'!$I$5:$I$304,'Exit Log'!$A$5:$A$304,A6)) | X6: =IF(A6="","",O6-W6) | Y6: =IF(W6=0,"",SUMIFS('Exit Log'!$N$5:$N$304,'Exit Log'!$A$5:$A$304,A6)/(W6*100)) -> #VALUE! | Z6: =IF(A6="","",SUMIFS('Exit Log'!$N$5:$N$304,'Exit Log'!$A$5:$A$304,A6)) | AA6: =IF(A6="","",SUMIFS('Exit Log'!$K$5:$K$304,'Exit Log'!$A$5:$A$304,A6)) | AB6: =IF(A6="","",SUMIFS('Exit Log'!$P$5:$P$304,'Exit Log'!$A$5:$A$304,A6)) | AC6: =IF(W6=0,"",AB6/(W6*P6*100+IFERROR(Q6*W6/O6,0))) -> #VALUE! | AD6: =IF(A6="","",IF(W6=0,"Open",IF(X6=0,"Closed","Partially Trimmed"))) | AE6: =IF(W6=0,"",LOOKUP(2,1/('Exit Log'!$A$5:$A$304=A6),'Exit Log'!$C$5:$C$304)) -> 0 | AF6: =IF(W6=0,"",LOOKUP(2,1/('Exit Log'!$A$5:$A$304=A6),'Exit Log'!$E$5:$E$304)) -> 0
C7: =IF(B7="","",TEXT(B7,"dddd")) | L7: =IF(OR(B7="",K7=""),"",K7-B7) | S7: =IF(OR(O7="",P7=""),"",O7*P7*100+IF(Q7="",0,Q7)) | W7: =IF(A7="","",SUMIFS('Exit Log'!$I$5:$I$304,'Exit Log'!$A$5:$A$304,A7)) | X7: =IF(A7="","",O7-W7) | Y7: =IF(W7=0,"",SUMIFS('Exit Log'!$N$5:$N$304,'Exit Log'!$A$5:$A$304,A7)/(W7*100)) -> #VALUE! | Z7: =IF(A7="","",SUMIFS('Exit Log'!$N$5:$N$304,'Exit Log'!$A$5:$A$304,A7)) | AA7: =IF(A7="","",SUMIFS('Exit Log'!$K$5:$K$304,'Exit Log'!$A$5:$A$304,A7)) | AB7: =IF(A7="","",SUMIFS('Exit Log'!$P$5:$P$304,'Exit Log'!$A$5:$A$304,A7)) | AC7: =IF(W7=0,"",AB7/(W7*P7*100+IFERROR(Q7*W7/O7,0))) -> #VALUE! | AD7: =IF(A7="","",IF(W7=0,"Open",IF(X7=0,"Closed","Partially Trimmed"))) | AE7: =IF(W7=0,"",LOOKUP(2,1/('Exit Log'!$A$5:$A$304=A7),'Exit Log'!$C$5:$C$304)) -> 0 | AF7: =IF(W7=0,"",LOOKUP(2,1/('Exit Log'!$A$5:$A$304=A7),'Exit Log'!$E$5:$E$304)) -> 0
C8: =IF(B8="","",TEXT(B8,"dddd")) | L8: =IF(OR(B8="",K8=""),"",K8-B8) | S8: =IF(OR(O8="",P8=""),"",O8*P8*100+IF(Q8="",0,Q8)) | W8: =IF(A8="","",SUMIFS('Exit Log'!$I$5:$I$304,'Exit Log'!$A$5:$A$304,A8)) | X8: =IF(A8="","",O8-W8) | Y8: =IF(W8=0,"",SUMIFS('Exit Log'!$N$5:$N$304,'Exit Log'!$A$5:$A$304,A8)/(W8*100)) -> #VALUE! | Z8: =IF(A8="","",SUMIFS('Exit Log'!$N$5:$N$304,'Exit Log'!$A$5:$A$304,A8)) | AA8: =IF(A8="","",SUMIFS('Exit Log'!$K$5:$K$304,'Exit Log'!$A$5:$A$304,A8)) | AB8: =IF(A8="","",SUMIFS('Exit Log'!$P$5:$P$304,'Exit Log'!$A$5:$A$304,A8)) | AC8: =IF(W8=0,"",AB8/(W8*P8*100+IFERROR(Q8*W8/O8,0))) -> #VALUE! | AD8: =IF(A8="","",IF(W8=0,"Open",IF(X8=0,"Closed","Partially Trimmed"))) | AE8: =IF(W8=0,"",LOOKUP(2,1/('Exit Log'!$A$5:$A$304=A8),'Exit Log'!$C$5:$C$304)) -> 0 | AF8: =IF(W8=0,"",LOOKUP(2,1/('Exit Log'!$A$5:$A$304=A8),'Exit Log'!$E$5:$E$304)) -> 0
C9: =IF(B9="","",TEXT(B9,"dddd")) | L9: =IF(OR(B9="",K9=""),"",K9-B9) | S9: =IF(OR(O9="",P9=""),"",O9*P9*100+IF(Q9="",0,Q9)) | W9: =IF(A9="","",SUMIFS('Exit Log'!$I$5:$I$304,'Exit Log'!$A$5:$A$304,A9)) | X9: =IF(A9="","",O9-W9) | Y9: =IF(W9=0,"",SUMIFS('Exit Log'!$N$5:$N$304,'Exit Log'!$A$5:$A$304,A9)/(W9*100)) -> #VALUE! | Z9: =IF(A9="","",SUMIFS('Exit Log'!$N$5:$N$304,'Exit Log'!$A$5:$A$304,A9)) | AA9: =IF(A9="","",SUMIFS('Exit Log'!$K$5:$K$304,'Exit Log'!$A$5:$A$304,A9)) | AB9: =IF(A9="","",SUMIFS('Exit Log'!$P$5:$P$304,'Exit Log'!$A$5:$A$304,A9)) | AC9: =IF(W9=0,"",AB9/(W9*P9*100+IFERROR(Q9*W9/O9,0))) -> #VALUE! | AD9: =IF(A9="","",IF(W9=0,"Open",IF(X9=0,"Closed","Partially Trimmed"))) | AE9: =IF(W9=0,"",LOOKUP(2,1/('Exit Log'!$A$5:$A$304=A9),'Exit Log'!$C$5:$C$304)) -> 0 | AF9: =IF(W9=0,"",LOOKUP(2,1/('Exit Log'!$A$5:$A$304=A9),'Exit Log'!$E$5:$E$304)) -> 0
C10: =IF(B10="","",TEXT(B10,"dddd")) | L10: =IF(OR(B10="",K10=""),"",K10-B10) | S10: =IF(OR(O10="",P10=""),"",O10*P10*100+IF(Q10="",0,Q10)) | W10: =IF(A10="","",SUMIFS('Exit Log'!$I$5:$I$304,'Exit Log'!$A$5:$A$304,A10)) | X10: =IF(A10="","",O10-W10) | Y10: =IF(W10=0,"",SUMIFS('Exit Log'!$N$5:$N$304,'Exit Log'!$A$5:$A$304,A10)/(W10*100)) -> #VALUE! | Z10: =IF(A10="","",SUMIFS('Exit Log'!$N$5:$N$304,'Exit Log'!$A$5:$A$304,A10)) | AA10: =IF(A10="","",SUMIFS('Exit Log'!$K$5:$K$304,'Exit Log'!$A$5:$A$304,A10)) | AB10: =IF(A10="","",SUMIFS('Exit Log'!$P$5:$P$304,'Exit Log'!$A$5:$A$304,A10)) | AC10: =IF(W10=0,"",AB10/(W10*P10*100+IFERROR(Q10*W10/O10,0))) -> #VALUE! | AD10: =IF(A10="","",IF(W10=0,"Open",IF(X10=0,"Closed","Partially Trimmed"))) | AE10: =IF(W10=0,"",LOOKUP(2,1/('Exit Log'!$A$5:$A$304=A10),'Exit Log'!$C$5:$C$304)) -> 0 | AF10: =IF(W10=0,"",LOOKUP(2,1/('Exit Log'!$A$5:$A$304=A10),'Exit Log'!$E$5:$E$304)) -> 0
C11: =IF(B11="","",TEXT(B11,"dddd")) | L11: =IF(OR(B11="",K11=""),"",K11-B11) | S11: =IF(OR(O11="",P11=""),"",O11*P11*100+IF(Q11="",0,Q11)) | W11: =IF(A11="","",SUMIFS('Exit Log'!$I$5:$I$304,'Exit Log'!$A$5:$A$304,A11)) | X11: =IF(A11="","",O11-W11) | Y11: =IF(W11=0,"",SUMIFS('Exit Log'!$N$5:$N$304,'Exit Log'!$A$5:$A$304,A11)/(W11*100)) -> #VALUE! | Z11: =IF(A11="","",SUMIFS('Exit Log'!$N$5:$N$304,'Exit Log'!$A$5:$A$304,A11)) | AA11: =IF(A11="","",SUMIFS('Exit Log'!$K$5:$K$304,'Exit Log'!$A$5:$A$304,A11)) | AB11: =IF(A11="","",SUMIFS('Exit Log'!$P$5:$P$304,'Exit Log'!$A$5:$A$304,A11)) | AC11: =IF(W11=0,"",AB11/(W11*P11*100+IFERROR(Q11*W11/O11,0))) -> #VALUE! | AD11: =IF(A11="","",IF(W11=0,"Open",IF(X11=0,"Closed","Partially Trimmed"))) | AE11: =IF(W11=0,"",LOOKUP(2,1/('Exit Log'!$A$5:$A$304=A11),'Exit Log'!$C$5:$C$304)) -> 0 | AF11: =IF(W11=0,"",LOOKUP(2,1/('Exit Log'!$A$5:$A$304=A11),'Exit Log'!$E$5:$E$304)) -> 0
C12: =IF(B12="","",TEXT(B12,"dddd")) | L12: =IF(OR(B12="",K12=""),"",K12-B12) | S12: =IF(OR(O12="",P12=""),"",O12*P12*100+IF(Q12="",0,Q12)) | W12: =IF(A12="","",SUMIFS('Exit Log'!$I$5:$I$304,'Exit Log'!$A$5:$A$304,A12)) | X12: =IF(A12="","",O12-W12) | Y12: =IF(W12=0,"",SUMIFS('Exit Log'!$N$5:$N$304,'Exit Log'!$A$5:$A$304,A12)/(W12*100)) -> #VALUE! | Z12: =IF(A12="","",SUMIFS('Exit Log'!$N$5:$N$304,'Exit Log'!$A$5:$A$304,A12)) | AA12: =IF(A12="","",SUMIFS('Exit Log'!$K$5:$K$304,'Exit Log'!$A$5:$A$304,A12)) | AB12: =IF(A12="","",SUMIFS('Exit Log'!$P$5:$P$304,'Exit Log'!$A$5:$A$304,A12)) | AC12: =IF(W12=0,"",AB12/(W12*P12*100+IFERROR(Q12*W12/O12,0))) -> #VALUE! | AD12: =IF(A12="","",IF(W12=0,"Open",IF(X12=0,"Closed","Partially Trimmed"))) | AE12: =IF(W12=0,"",LOOKUP(2,1/('Exit Log'!$A$5:$A$304=A12),'Exit Log'!$C$5:$C$304)) -> 0 | AF12: =IF(W12=0,"",LOOKUP(2,1/('Exit Log'!$A$5:$A$304=A12),'Exit Log'!$E$5:$E$304)) -> 0
C13: =IF(B13="","",TEXT(B13,"dddd")) | L13: =IF(OR(B13="",K13=""),"",K13-B13) | S13: =IF(OR(O13="",P13=""),"",O13*P13*100+IF(Q13="",0,Q13)) | W13: =IF(A13="","",SUMIFS('Exit Log'!$I$5:$I$304,'Exit Log'!$A$5:$A$304,A13)) | X13: =IF(A13="","",O13-W13) | Y13: =IF(W13=0,"",SUMIFS('Exit Log'!$N$5:$N$304,'Exit Log'!$A$5:$A$304,A13)/(W13*100)) -> #VALUE! | Z13: =IF(A13="","",SUMIFS('Exit Log'!$N$5:$N$304,'Exit Log'!$A$5:$A$304,A13)) | AA13: =IF(A13="","",SUMIFS('Exit Log'!$K$5:$K$304,'Exit Log'!$A$5:$A$304,A13)) | AB13: =IF(A13="","",SUMIFS('Exit Log'!$P$5:$P$304,'Exit Log'!$A$5:$A$304,A13)) | AC13: =IF(W13=0,"",AB13/(W13*P13*100+IFERROR(Q13*W13/O13,0))) -> #VALUE! | AD13: =IF(A13="","",IF(W13=0,"Open",IF(X13=0,"Closed","Partially Trimmed"))) | AE13: =IF(W13=0,"",LOOKUP(2,1/('Exit Log'!$A$5:$A$304=A13),'Exit Log'!$C$5:$C$304)) -> 0 | AF13: =IF(W13=0,"",LOOKUP(2,1/('Exit Log'!$A$5:$A$304=A13),'Exit Log'!$E$5:$E$304)) -> 0
C14: =IF(B14="","",TEXT(B14,"dddd")) | L14: =IF(OR(B14="",K14=""),"",K14-B14) | S14: =IF(OR(O14="",P14=""),"",O14*P14*100+IF(Q14="",0,Q14)) | W14: =IF(A14="","",SUMIFS('Exit Log'!$I$5:$I$304,'Exit Log'!$A$5:$A$304,A14)) | X14: =IF(A14="","",O14-W14) | Y14: =IF(W14=0,"",SUMIFS('Exit Log'!$N$5:$N$304,'Exit Log'!$A$5:$A$304,A14)/(W14*100)) -> #VALUE! | Z14: =IF(A14="","",SUMIFS('Exit Log'!$N$5:$N$304,'Exit Log'!$A$5:$A$304,A14)) | AA14: =IF(A14="","",SUMIFS('Exit Log'!$K$5:$K$304,'Exit Log'!$A$5:$A$304,A14)) | AB14: =IF(A14="","",SUMIFS('Exit Log'!$P$5:$P$304,'Exit Log'!$A$5:$A$304,A14)) | AC14: =IF(W14=0,"",AB14/(W14*P14*100+IFERROR(Q14*W14/O14,0))) -> #VALUE! | AD14: =IF(A14="","",IF(W14=0,"Open",IF(X14=0,"Closed","Partially Trimmed"))) | AE14: =IF(W14=0,"",LOOKUP(2,1/('Exit Log'!$A$5:$A$304=A14),'Exit Log'!$C$5:$C$304)) -> 0 | AF14: =IF(W14=0,"",LOOKUP(2,1/('Exit Log'!$A$5:$A$304=A14),'Exit Log'!$E$5:$E$304)) -> 0
C15: =IF(B15="","",TEXT(B15,"dddd")) | L15: =IF(OR(B15="",K15=""),"",K15-B15) | S15: =IF(OR(O15="",P15=""),"",O15*P15*100+IF(Q15="",0,Q15)) | W15: =IF(A15="","",SUMIFS('Exit Log'!$I$5:$I$304,'Exit Log'!$A$5:$A$304,A15)) | X15: =IF(A15="","",O15-W15) | Y15: =IF(W15=0,"",SUMIFS('Exit Log'!$N$5:$N$304,'Exit Log'!$A$5:$A$304,A15)/(W15*100)) -> #VALUE! | Z15: =IF(A15="","",SUMIFS('Exit Log'!$N$5:$N$304,'Exit Log'!$A$5:$A$304,A15)) | AA15: =IF(A15="","",SUMIFS('Exit Log'!$K$5:$K$304,'Exit Log'!$A$5:$A$304,A15)) | AB15: =IF(A15="","",SUMIFS('Exit Log'!$P$5:$P$304,'Exit Log'!$A$5:$A$304,A15)) | AC15: =IF(W15=0,"",AB15/(W15*P15*100+IFERROR(Q15*W15/O15,0))) -> #VALUE! | AD15: =IF(A15="","",IF(W15=0,"Open",IF(X15=0,"Closed","Partially Trimmed"))) | AE15: =IF(W15=0,"",LOOKUP(2,1/('Exit Log'!$A$5:$A$304=A15),'Exit Log'!$C$5:$C$304)) -> 0 | AF15: =IF(W15=0,"",LOOKUP(2,1/('Exit Log'!$A$5:$A$304=A15),'Exit Log'!$E$5:$E$304)) -> 0
C16: =IF(B16="","",TEXT(B16,"dddd")) | L16: =IF(OR(B16="",K16=""),"",K16-B16) | S16: =IF(OR(O16="",P16=""),"",O16*P16*100+IF(Q16="",0,Q16)) | W16: =IF(A16="","",SUMIFS('Exit Log'!$I$5:$I$304,'Exit Log'!$A$5:$A$304,A16)) | X16: =IF(A16="","",O16-W16) | Y16: =IF(W16=0,"",SUMIFS('Exit Log'!$N$5:$N$304,'Exit Log'!$A$5:$A$304,A16)/(W16*100)) -> #VALUE! | Z16: =IF(A16="","",SUMIFS('Exit Log'!$N$5:$N$304,'Exit Log'!$A$5:$A$304,A16)) | AA16: =IF(A16="","",SUMIFS('Exit Log'!$K$5:$K$304,'Exit Log'!$A$5:$A$304,A16)) | AB16: =IF(A16="","",SUMIFS('Exit Log'!$P$5:$P$304,'Exit Log'!$A$5:$A$304,A16)) | AC16: =IF(W16=0,"",AB16/(W16*P16*100+IFERROR(Q16*W16/O16,0))) -> #VALUE! | AD16: =IF(A16="","",IF(W16=0,"Open",IF(X16=0,"Closed","Partially Trimmed"))) | AE16: =IF(W16=0,"",LOOKUP(2,1/('Exit Log'!$A$5:$A$304=A16),'Exit Log'!$C$5:$C$304)) -> 0 | AF16: =IF(W16=0,"",LOOKUP(2,1/('Exit Log'!$A$5:$A$304=A16),'Exit Log'!$E$5:$E$304)) -> 0
C17: =IF(B17="","",TEXT(B17,"dddd")) | L17: =IF(OR(B17="",K17=""),"",K17-B17) | S17: =IF(OR(O17="",P17=""),"",O17*P17*100+IF(Q17="",0,Q17)) | W17: =IF(A17="","",SUMIFS('Exit Log'!$I$5:$I$304,'Exit Log'!$A$5:$A$304,A17)) | X17: =IF(A17="","",O17-W17) | Y17: =IF(W17=0,"",SUMIFS('Exit Log'!$N$5:$N$304,'Exit Log'!$A$5:$A$304,A17)/(W17*100)) -> #VALUE! | Z17: =IF(A17="","",SUMIFS('Exit Log'!$N$5:$N$304,'Exit Log'!$A$5:$A$304,A17)) | AA17: =IF(A17="","",SUMIFS('Exit Log'!$K$5:$K$304,'Exit Log'!$A$5:$A$304,A17)) | AB17: =IF(A17="","",SUMIFS('Exit Log'!$P$5:$P$304,'Exit Log'!$A$5:$A$304,A17)) | AC17: =IF(W17=0,"",AB17/(W17*P17*100+IFERROR(Q17*W17/O17,0))) -> #VALUE! | AD17: =IF(A17="","",IF(W17=0,"Open",IF(X17=0,"Closed","Partially Trimmed"))) | AE17: =IF(W17=0,"",LOOKUP(2,1/('Exit Log'!$A$5:$A$304=A17),'Exit Log'!$C$5:$C$304)) -> 0 | AF17: =IF(W17=0,"",LOOKUP(2,1/('Exit Log'!$A$5:$A$304=A17),'Exit Log'!$E$5:$E$304)) -> 0
... C204: =IF(B204="","",TEXT(B204,"dddd")) | L204: =IF(OR(B204="",K204=""),"",K204-B204) | S204: =IF(OR(O204="",P204=""),"",O204*P204*100+IF(Q204="",0,Q204)) | W204: =IF(A204="","",SUMIFS('Exit Log'!$I$5:$I$304,'Exit Log'!$A$5:$A$304,A204)) | X204: =IF(A204="","",O204-W204) | Y204: =IF(W204=0,"",SUMIFS('Exit Log'!$N$5:$N$304,'Exit Log'!$A$5:$A$304,A204)/(W204*100)) -> #VALUE! | Z204: =IF(A204="","",SUMIFS('Exit Log'!$N$5:$N$304,'Exit Log'!$A$5:$A$304,A204)) | AA204: =IF(A204="","",SUMIFS('Exit Log'!$K$5:$K$304,'Exit Log'!$A$5:$A$304,A204)) | AB204: =IF(A204="","",SUMIFS('Exit Log'!$P$5:$P$304,'Exit Log'!$A$5:$A$304,A204)) | AC204: =IF(W204=0,"",AB204/(W204*P204*100+IFERROR(Q204*W204/O204,0))) -> #VALUE! | AD204: =IF(A204="","",IF(W204=0,"Open",IF(X204=0,"Closed","Partially Trimmed"))) | AE204: =IF(W204=0,"",LOOKUP(2,1/('Exit Log'!$A$5:$A$304=A204),'Exit Log'!$C$5:$C$304)) -> 0 | AF204: =IF(W204=0,"",LOOKUP(2,1/('Exit Log'!$A$5:$A$304=A204),'Exit Log'!$E$5:$E$304)) -> 0

Sheet Exit Log
A1: Exit Log - One Row Per Trim / Partial Exit
A2: Use this tab every time you sell part of a position. Example: buying 10 contracts and selling 1 at 9:54, 1 at 9:55, 1 at 9:56 = three rows here with the same Trade ID.
A4: Trade ID | B4: Exit # | C4: Exit Date | D4: Day | E4: Exit Time | F4: Session Bucket | G4: Ticker | H4: Call/Put | I4: Contracts Sold | J4: Exit Premium | K4: Exit Fees | L4: Underlying Exit Price | M4: Exit Reason | N4: Gross Exit Proceeds $ | O4: Net Exit Proceeds $ | P4: P&L on This Trim $ | Q4: Return on This Trim % | R4: Notes
A5: 2026-001 | B5: =IF(A5="","",COUNTIF($A$5:A5,A5)) -> 1 | C5: 46163 | D5: =IF(C5="","",TEXT(C5,"dddd")) -> Thursday | E5: 0.41274306 | F5: Opening 30 Min | G5: =IFERROR(INDEX('[1]Trade Log'!$F$5:$F$204,MATCH(A5,'[1]Trade Log'!$A$5:$A$204,0)),"") -> MU | H5: =IFERROR(INDEX('[1]Trade Log'!$I$5:$I$204,MATCH(A5,'[1]Trade Log'!$A$5:$A$204,0)),"") -> Call | I5: 1 | J5: 19.1 | K5: 0.1 | L5: 754 | M5: Trim rule | N5: =IF(OR(I5="",J5=""),"",I5*J5*100) -> 1910 | O5: =IF(N5="","",N5-IF(K5="",0,K5)) -> 1909.9 | P5: =IF(A5="","",O5-(I5*INDEX('Trade Log'!$P$5:$P$204,MATCH(A5,'Trade Log'!$A$5:$A$204,0))*100)-IFERROR(INDEX('Trade Log'!$Q$5:$Q$204,MATCH(A5,'Trade Log'!$A$5:$A$204,0))*I5/INDEX('Trade Log'!$O$5:$O$204,MATCH(A5,'Trade Log'!$A$5:$A$204,0)),0)) -> 269.852 | Q5: =IFERROR(P5/(I5*INDEX('Trade Log'!$P$5:$P$204,MATCH(A5,'Trade Log'!$A$5:$A$204,0))*100+IFERROR(INDEX('Trade Log'!$Q$5:$Q$204,MATCH(A5,'Trade Log'!$A$5:$A$204,0))*I5/INDEX('Trade Log'!$O$5:$O$204,MATCH(A5,'Trade Log'!$A$5:$A$204,0)),0)),"") -> 0.16453909 | R5: Sold 1/10 per rule.
A6: 2026-001 | B6: =IF(A6="","",COUNTIF($A$5:A6,A6)) -> 2 | C6: 46163 | D6: =IF(C6="","",TEXT(C6,"dddd")) -> Thursday | E6: 0.41319444 | F6: Opening 30 Min | G6: =IFERROR(INDEX('[1]Trade Log'!$F$5:$F$204,MATCH(A6,'[1]Trade Log'!$A$5:$A$204,0)),"") -> MU | H6: =IFERROR(INDEX('[1]Trade Log'!$I$5:$I$204,MATCH(A6,'[1]Trade Log'!$A$5:$A$204,0)),"") -> Call | I6: 1 | J6: 21.24 | K6: 0.11 | L6: 757.58 | M6: Trim rule | N6: =IF(OR(I6="",J6=""),"",I6*J6*100) -> 2124 | O6: =IF(N6="","",N6-IF(K6="",0,K6)) -> 2123.89 | P6: =IF(A6="","",O6-(I6*INDEX('Trade Log'!$P$5:$P$204,MATCH(A6,'Trade Log'!$A$5:$A$204,0))*100)-IFERROR(INDEX('Trade Log'!$Q$5:$Q$204,MATCH(A6,'Trade Log'!$A$5:$A$204,0))*I6/INDEX('Trade Log'!$O$5:$O$204,MATCH(A6,'Trade Log'!$A$5:$A$204,0)),0)) -> 483.842 | Q6: =IFERROR(P6/(I6*INDEX('Trade Log'!$P$5:$P$204,MATCH(A6,'Trade Log'!$A$5:$A$204,0))*100+IFERROR(INDEX('Trade Log'!$Q$5:$Q$204,MATCH(A6,'Trade Log'!$A$5:$A$204,0))*I6/INDEX('Trade Log'!$O$5:$O$204,MATCH(A6,'Trade Log'!$A$5:$A$204,0)),0)),"") -> 0.29501698 | R6: Second trim; still holding runners.
A7: 2026-001 | B7: =IF(A7="","",COUNTIF($A$5:A7,A7)) -> 3 | C7: 46163 | D7: =IF(C7="","",TEXT(C7,"dddd")) -> Thursday | E7: 0.41361111 | F7: Opening 30 Min | G7: =IFERROR(INDEX('[1]Trade Log'!$F$5:$F$204,MATCH(A7,'[1]Trade Log'!$A$5:$A$204,0)),"") -> MU | H7: =IFERROR(INDEX('[1]Trade Log'!$I$5:$I$204,MATCH(A7,'[1]Trade Log'!$A$5:$A$204,0)),"") -> Call | I7: 1 | J7: 23.3 | K7: 0.11 | L7: 757.58 | M7: Target hit | N7: =IF(OR(I7="",J7=""),"",I7*J7*100) -> 2330 | O7: =IF(N7="","",N7-IF(K7="",0,K7)) -> 2329.89 | P7: =IF(A7="","",O7-(I7*INDEX('Trade Log'!$P$5:$P$204,MATCH(A7,'Trade Log'!$A$5:$A$204,0))*100)-IFERROR(INDEX('Trade Log'!$Q$5:$Q$204,MATCH(A7,'Trade Log'!$A$5:$A$204,0))*I7/INDEX('Trade Log'!$O$5:$O$204,MATCH(A7,'Trade Log'!$A$5:$A$204,0)),0)) -> 689.842 | Q7: =IFERROR(P7/(I7*INDEX('Trade Log'!$P$5:$P$204,MATCH(A7,'Trade Log'!$A$5:$A$204,0))*100+IFERROR(INDEX('Trade Log'!$Q$5:$Q$204,MATCH(A7,'Trade Log'!$A$5:$A$204,0))*I7/INDEX('Trade Log'!$O$5:$O$204,MATCH(A7,'Trade Log'!$A$5:$A$204,0)),0)),"") -> 0.42062305 | R7: Third trim; position still open.
A8: 2026-001 | B8: =IF(A8="","",COUNTIF($A$5:A8,A8)) -> 4 | C8: 46163 | D8: =IF(C8="","",TEXT(C8,"dddd")) -> Thursday | E8: 0.41393519 | F8: Opening 30 Min | G8: =IFERROR(INDEX('[1]Trade Log'!$F$5:$F$204,MATCH(A8,'[1]Trade Log'!$A$5:$A$204,0)),"") -> MU | H8: =IFERROR(INDEX('[1]Trade Log'!$I$5:$I$204,MATCH(A8,'[1]Trade Log'!$A$5:$A$204,0)),"") -> Call | I8: 5 | J8: 22 | K8: 0.49 | L8: 761.72 | M8: Trim rule | N8: =IF(OR(I8="",J8=""),"",I8*J8*100) -> 11000 | O8: =IF(N8="","",N8-IF(K8="",0,K8)) -> 10999.51 | P8: =IF(A8="","",O8-(I8*INDEX('Trade Log'!$P$5:$P$204,MATCH(A8,'Trade Log'!$A$5:$A$204,0))*100)-IFERROR(INDEX('Trade Log'!$Q$5:$Q$204,MATCH(A8,'Trade Log'!$A$5:$A$204,0))*I8/INDEX('Trade Log'!$O$5:$O$204,MATCH(A8,'Trade Log'!$A$5:$A$204,0)),0)) -> 2799.27 | Q8: =IFERROR(P8/(I8*INDEX('Trade Log'!$P$5:$P$204,MATCH(A8,'Trade Log'!$A$5:$A$204,0))*100+IFERROR(INDEX('Trade Log'!$Q$5:$Q$204,MATCH(A8,'Trade Log'!$A$5:$A$204,0))*I8/INDEX('Trade Log'!$O$5:$O$204,MATCH(A8,'Trade Log'!$A$5:$A$204,0)),0)),"") -> 0.3413644 | R8: Fourth trim; position still open.
A9: 2026-001 | B9: =IF(A9="","",COUNTIF($A$5:A9,A9)) -> 5 | C9: 46163 | D9: =IF(C9="","",TEXT(C9,"dddd")) -> Thursday | E9: 0.41418981 | F9: Opening 30 Min | G9: =IFERROR(INDEX('[1]Trade Log'!$F$5:$F$204,MATCH(A9,'[1]Trade Log'!$A$5:$A$204,0)),"") -> MU | H9: =IFERROR(INDEX('[1]Trade Log'!$I$5:$I$204,MATCH(A9,'[1]Trade Log'!$A$5:$A$204,0)),"") -> Call | I9: 2 | J9: 21.96 | K9: 0.21 | L9: 761 | M9: Emotional exit | N9: =IF(OR(I9="",J9=""),"",I9*J9*100) -> 4392 | O9: =IF(N9="","",N9-IF(K9="",0,K9)) -> 4391.79 | P9: =IF(A9="","",O9-(I9*INDEX('Trade Log'!$P$5:$P$204,MATCH(A9,'Trade Log'!$A$5:$A$204,0))*100)-IFERROR(INDEX('Trade Log'!$Q$5:$Q$204,MATCH(A9,'Trade Log'!$A$5:$A$204,0))*I9/INDEX('Trade Log'!$O$5:$O$204,MATCH(A9,'Trade Log'!$A$5:$A$204,0)),0)) -> 1111.694 | Q9: =IFERROR(P9/(I9*INDEX('Trade Log'!$P$5:$P$204,MATCH(A9,'Trade Log'!$A$5:$A$204,0))*100+IFERROR(INDEX('Trade Log'!$Q$5:$Q$204,MATCH(A9,'Trade Log'!$A$5:$A$204,0))*I9/INDEX('Trade Log'!$O$5:$O$204,MATCH(A9,'Trade Log'!$A$5:$A$204,0)),0)),"") -> 0.33892118 | R9: Fifth trim: position closed
B10: =IF(A10="","",COUNTIF($A$5:A10,A10)) | D10: =IF(C10="","",TEXT(C10,"dddd")) | G10: =IFERROR(INDEX('Trade Log'!$F$5:$F$204,MATCH(A10,'Trade Log'!$A$5:$A$204,0)),"") | H10: =IFERROR(INDEX('Trade Log'!$I$5:$I$204,MATCH(A10,'Trade Log'!$A$5:$A$204,0)),"") | N10: =IF(OR(I10="",J10=""),"",I10*J10*100) | O10: =IF(N10="","",N10-IF(K10="",0,K10)) | P10: =IF(A10="","",O10-(I10*INDEX('Trade Log'!$P$5:$P$204,MATCH(A10,'Trade Log'!$A$5:$A$204,0))*100)-IFERROR(INDEX('Trade Log'!$Q$5:$Q$204,MATCH(A10,'Trade Log'!$A$5:$A$204,0))*I10/INDEX('Trade Log'!$O$5:$O$204,MATCH(A10,'Trade Log'!$A$5:$A$204,0)),0)) | Q10: =IFERROR(P10/(I10*INDEX('Trade Log'!$P$5:$P$204,MATCH(A10,'Trade Log'!$A$5:$A$204,0))*100+IFERROR(INDEX('Trade Log'!$Q$5:$Q$204,MATCH(A10,'Trade Log'!$A$5:$A$204,0))*I10/INDEX('Trade Log'!$O$5:$O$204,MATCH(A10,'Trade Log'!$A$5:$A$204,0)),0)),"")
B11: =IF(A11="","",COUNTIF($A$5:A11,A11)) | D11: =IF(C11="","",TEXT(C11,"dddd")) | G11: =IFERROR(INDEX('Trade Log'!$F$5:$F$204,MATCH(A11,'Trade Log'!$A$5:$A$204,0)),"") | H11: =IFERROR(INDEX('Trade Log'!$I$5:$I$204,MATCH(A11,'Trade Log'!$A$5:$A$204,0)),"") | N11: =IF(OR(I11="",J11=""),"",I11*J11*100) | O11: =IF(N11="","",N11-IF(K11="",0,K11)) | P11: =IF(A11="","",O11-(I11*INDEX('Trade Log'!$P$5:$P$204,MATCH(A11,'Trade Log'!$A$5:$A$204,0))*100)-IFERROR(INDEX('Trade Log'!$Q$5:$Q$204,MATCH(A11,'Trade Log'!$A$5:$A$204,0))*I11/INDEX('Trade Log'!$O$5:$O$204,MATCH(A11,'Trade Log'!$A$5:$A$204,0)),0)) | Q11: =IFERROR(P11/(I11*INDEX('Trade Log'!$P$5:$P$204,MATCH(A11,'Trade Log'!$A$5:$A$204,0))*100+IFERROR(INDEX('Trade Log'!$Q$5:$Q$204,MATCH(A11,'Trade Log'!$A$5:$A$204,0))*I11/INDEX('Trade Log'!$O$5:$O$204,MATCH(A11,'Trade Log'!$A$5:$A$204,0)),0)),"")
B12: =IF(A12="","",COUNTIF($A$5:A12,A12)) | D12: =IF(C12="","",TEXT(C12,"dddd")) | G12: =IFERROR(INDEX('Trade Log'!$F$5:$F$204,MATCH(A12,'Trade Log'!$A$5:$A$204,0)),"") | H12: =IFERROR(INDEX('Trade Log'!$I$5:$I$204,MATCH(A12,'Trade Log'!$A$5:$A$204,0)),"") | N12: =IF(OR(I12="",J12=""),"",I12*J12*100) | O12: =IF(N12="","",N12-IF(K12="",0,K12)) | P12: =IF(A12="","",O12-(I12*INDEX('Trade Log'!$P$5:$P$204,MATCH(A12,'Trade Log'!$A$5:$A$204,0))*100)-IFERROR(INDEX('Trade Log'!$Q$5:$Q$204,MATCH(A12,'Trade Log'!$A$5:$A$204,0))*I12/INDEX('Trade Log'!$O$5:$O$204,MATCH(A12,'Trade Log'!$A$5:$A$204,0)),0)) | Q12: =IFERROR(P12/(I12*INDEX('Trade Log'!$P$5:$P$204,MATCH(A12,'Trade Log'!$A$5:$A$204,0))*100+IFERROR(INDEX('Trade Log'!$Q$5:$Q$204,MATCH(A12,'Trade Log'!$A$5:$A$204,0))*I12/INDEX('Trade Log'!$O$5:$O$204,MATCH(A12,'Trade Log'!$A$5:$A$204,0)),0)),"")
B13: =IF(A13="","",COUNTIF($A$5:A13,A13)) | D13: =IF(C13="","",TEXT(C13,"dddd")) | G13: =IFERROR(INDEX('Trade Log'!$F$5:$F$204,MATCH(A13,'Trade Log'!$A$5:$A$204,0)),"") | H13: =IFERROR(INDEX('Trade Log'!$I$5:$I$204,MATCH(A13,'Trade Log'!$A$5:$A$204,0)),"") | N13: =IF(OR(I13="",J13=""),"",I13*J13*100) | O13: =IF(N13="","",N13-IF(K13="",0,K13)) | P13: =IF(A13="","",O13-(I13*INDEX('Trade Log'!$P$5:$P$204,MATCH(A13,'Trade Log'!$A$5:$A$204,0))*100)-IFERROR(INDEX('Trade Log'!$Q$5:$Q$204,MATCH(A13,'Trade Log'!$A$5:$A$204,0))*I13/INDEX('Trade Log'!$O$5:$O$204,MATCH(A13,'Trade Log'!$A$5:$A$204,0)),0)) | Q13: =IFERROR(P13/(I13*INDEX('Trade Log'!$P$5:$P$204,MATCH(A13,'Trade Log'!$A$5:$A$204,0))*100+IFERROR(INDEX('Trade Log'!$Q$5:$Q$204,MATCH(A13,'Trade Log'!$A$5:$A$204,0))*I13/INDEX('Trade Log'!$O$5:$O$204,MATCH(A13,'Trade Log'!$A$5:$A$204,0)),0)),"")
B14: =IF(A14="","",COUNTIF($A$5:A14,A14)) | D14: =IF(C14="","",TEXT(C14,"dddd")) | G14: =IFERROR(INDEX('Trade Log'!$F$5:$F$204,MATCH(A14,'Trade Log'!$A$5:$A$204,0)),"") | H14: =IFERROR(INDEX('Trade Log'!$I$5:$I$204,MATCH(A14,'Trade Log'!$A$5:$A$204,0)),"") | N14: =IF(OR(I14="",J14=""),"",I14*J14*100) | O14: =IF(N14="","",N14-IF(K14="",0,K14)) | P14: =IF(A14="","",O14-(I14*INDEX('Trade Log'!$P$5:$P$204,MATCH(A14,'Trade Log'!$A$5:$A$204,0))*100)-IFERROR(INDEX('Trade Log'!$Q$5:$Q$204,MATCH(A14,'Trade Log'!$A$5:$A$204,0))*I14/INDEX('Trade Log'!$O$5:$O$204,MATCH(A14,'Trade Log'!$A$5:$A$204,0)),0)) | Q14: =IFERROR(P14/(I14*INDEX('Trade Log'!$P$5:$P$204,MATCH(A14,'Trade Log'!$A$5:$A$204,0))*100+IFERROR(INDEX('Trade Log'!$Q$5:$Q$204,MATCH(A14,'Trade Log'!$A$5:$A$204,0))*I14/INDEX('Trade Log'!$O$5:$O$204,MATCH(A14,'Trade Log'!$A$5:$A$204,0)),0)),"")
B15: =IF(A15="","",COUNTIF($A$5:A15,A15)) | D15: =IF(C15="","",TEXT(C15,"dddd")) | G15: =IFERROR(INDEX('Trade Log'!$F$5:$F$204,MATCH(A15,'Trade Log'!$A$5:$A$204,0)),"") | H15: =IFERROR(INDEX('Trade Log'!$I$5:$I$204,MATCH(A15,'Trade Log'!$A$5:$A$204,0)),"") | N15: =IF(OR(I15="",J15=""),"",I15*J15*100) | O15: =IF(N15="","",N15-IF(K15="",0,K15)) | P15: =IF(A15="","",O15-(I15*INDEX('Trade Log'!$P$5:$P$204,MATCH(A15,'Trade Log'!$A$5:$A$204,0))*100)-IFERROR(INDEX('Trade Log'!$Q$5:$Q$204,MATCH(A15,'Trade Log'!$A$5:$A$204,0))*I15/INDEX('Trade Log'!$O$5:$O$204,MATCH(A15,'Trade Log'!$A$5:$A$204,0)),0)) | Q15: =IFERROR(P15/(I15*INDEX('Trade Log'!$P$5:$P$204,MATCH(A15,'Trade Log'!$A$5:$A$204,0))*100+IFERROR(INDEX('Trade Log'!$Q$5:$Q$204,MATCH(A15,'Trade Log'!$A$5:$A$204,0))*I15/INDEX('Trade Log'!$O$5:$O$204,MATCH(A15,'Trade Log'!$A$5:$A$204,0)),0)),"")
B16: =IF(A16="","",COUNTIF($A$5:A16,A16)) | D16: =IF(C16="","",TEXT(C16,"dddd")) | G16: =IFERROR(INDEX('Trade Log'!$F$5:$F$204,MATCH(A16,'Trade Log'!$A$5:$A$204,0)),"") | H16: =IFERROR(INDEX('Trade Log'!$I$5:$I$204,MATCH(A16,'Trade Log'!$A$5:$A$204,0)),"") | N16: =IF(OR(I16="",J16=""),"",I16*J16*100) | O16: =IF(N16="","",N16-IF(K16="",0,K16)) | P16: =IF(A16="","",O16-(I16*INDEX('Trade Log'!$P$5:$P$204,MATCH(A16,'Trade Log'!$A$5:$A$204,0))*100)-IFERROR(INDEX('Trade Log'!$Q$5:$Q$204,MATCH(A16,'Trade Log'!$A$5:$A$204,0))*I16/INDEX('Trade Log'!$O$5:$O$204,MATCH(A16,'Trade Log'!$A$5:$A$204,0)),0)) | Q16: =IFERROR(P16/(I16*INDEX('Trade Log'!$P$5:$P$204,MATCH(A16,'Trade Log'!$A$5:$A$204,0))*100+IFERROR(INDEX('Trade Log'!$Q$5:$Q$204,MATCH(A16,'Trade Log'!$A$5:$A$204,0))*I16/INDEX('Trade Log'!$O$5:$O$204,MATCH(A16,'Trade Log'!$A$5:$A$204,0)),0)),"")
B17: =IF(A17="","",COUNTIF($A$5:A17,A17)) | D17: =IF(C17="","",TEXT(C17,"dddd")) | G17: =IFERROR(INDEX('Trade Log'!$F$5:$F$204,MATCH(A17,'Trade Log'!$A$5:$A$204,0)),"") | H17: =IFERROR(INDEX('Trade Log'!$I$5:$I$204,MATCH(A17,'Trade Log'!$A$5:$A$204,0)),"") | N17: =IF(OR(I17="",J17=""),"",I17*J17*100) | O17: =IF(N17="","",N17-IF(K17="",0,K17)) | P17: =IF(A17="","",O17-(I17*INDEX('Trade Log'!$P$5:$P$204,MATCH(A17,'Trade Log'!$A$5:$A$204,0))*100)-IFERROR(INDEX('Trade Log'!$Q$5:$Q$204,MATCH(A17,'Trade Log'!$A$5:$A$204,0))*I17/INDEX('Trade Log'!$O$5:$O$204,MATCH(A17,'Trade Log'!$A$5:$A$204,0)),0)) | Q17: =IFERROR(P17/(I17*INDEX('Trade Log'!$P$5:$P$204,MATCH(A17,'Trade Log'!$A$5:$A$204,0))*100+IFERROR(INDEX('Trade Log'!$Q$5:$Q$204,MATCH(A17,'Trade Log'!$A$5:$A$204,0))*I17/INDEX('Trade Log'!$O$5:$O$204,MATCH(A17,'Trade Log'!$A$5:$A$204,0)),0)),"")
B18: =IF(A18="","",COUNTIF($A$5:A18,A18)) | D18: =IF(C18="","",TEXT(C18,"dddd")) | G18: =IFERROR(INDEX('Trade Log'!$F$5:$F$204,MATCH(A18,'Trade Log'!$A$5:$A$204,0)),"") | H18: =IFERROR(INDEX('Trade Log'!$I$5:$I$204,MATCH(A18,'Trade Log'!$A$5:$A$204,0)),"") | N18: =IF(OR(I18="",J18=""),"",I18*J18*100) | O18: =IF(N18="","",N18-IF(K18="",0,K18)) | P18: =IF(A18="","",O18-(I18*INDEX('Trade Log'!$P$5:$P$204,MATCH(A18,'Trade Log'!$A$5:$A$204,0))*100)-IFERROR(INDEX('Trade Log'!$Q$5:$Q$204,MATCH(A18,'Trade Log'!$A$5:$A$204,0))*I18/INDEX('Trade Log'!$O$5:$O$204,MATCH(A18,'Trade Log'!$A$5:$A$204,0)),0)) | Q18: =IFERROR(P18/(I18*INDEX('Trade Log'!$P$5:$P$204,MATCH(A18,'Trade Log'!$A$5:$A$204,0))*100+IFERROR(INDEX('Trade Log'!$Q$5:$Q$204,MATCH(A18,'Trade Log'!$A$5:$A$204,0))*I18/INDEX('Trade Log'!$O$5:$O$204,MATCH(A18,'Trade Log'!$A$5:$A$204,0)),0)),"")
B19: =IF(A19="","",COUNTIF($A$5:A19,A19)) | D19: =IF(C19="","",TEXT(C19,"dddd")) | G19: =IFERROR(INDEX('Trade Log'!$F$5:$F$204,MATCH(A19,'Trade Log'!$A$5:$A$204,0)),"") | H19: =IFERROR(INDEX('Trade Log'!$I$5:$I$204,MATCH(A19,'Trade Log'!$A$5:$A$204,0)),"") | N19: =IF(OR(I19="",J19=""),"",I19*J19*100) | O19: =IF(N19="","",N19-IF(K19="",0,K19)) | P19: =IF(A19="","",O19-(I19*INDEX('Trade Log'!$P$5:$P$204,MATCH(A19,'Trade Log'!$A$5:$A$204,0))*100)-IFERROR(INDEX('Trade Log'!$Q$5:$Q$204,MATCH(A19,'Trade Log'!$A$5:$A$204,0))*I19/INDEX('Trade Log'!$O$5:$O$204,MATCH(A19,'Trade Log'!$A$5:$A$204,0)),0)) | Q19: =IFERROR(P19/(I19*INDEX('Trade Log'!$P$5:$P$204,MATCH(A19,'Trade Log'!$A$5:$A$204,0))*100+IFERROR(INDEX('Trade Log'!$Q$5:$Q$204,MATCH(A19,'Trade Log'!$A$5:$A$204,0))*I19/INDEX('Trade Log'!$O$5:$O$204,MATCH(A19,'Trade Log'!$A$5:$A$204,0)),0)),"")
B20: =IF(A20="","",COUNTIF($A$5:A20,A20)) | D20: =IF(C20="","",TEXT(C20,"dddd")) | G20: =IFERROR(INDEX('Trade Log'!$F$5:$F$204,MATCH(A20,'Trade Log'!$A$5:$A$204,0)),"") | H20: =IFERROR(INDEX('Trade Log'!$I$5:$I$204,MATCH(A20,'Trade Log'!$A$5:$A$204,0)),"") | N20: =IF(OR(I20="",J20=""),"",I20*J20*100) | O20: =IF(N20="","",N20-IF(K20="",0,K20)) | P20: =IF(A20="","",O20-(I20*INDEX('Trade Log'!$P$5:$P$204,MATCH(A20,'Trade Log'!$A$5:$A$204,0))*100)-IFERROR(INDEX('Trade Log'!$Q$5:$Q$204,MATCH(A20,'Trade Log'!$A$5:$A$204,0))*I20/INDEX('Trade Log'!$O$5:$O$204,MATCH(A20,'Trade Log'!$A$5:$A$204,0)),0)) | Q20: =IFERROR(P20/(I20*INDEX('Trade Log'!$P$5:$P$204,MATCH(A20,'Trade Log'!$A$5:$A$204,0))*100+IFERROR(INDEX('Trade Log'!$Q$5:$Q$204,MATCH(A20,'Trade Log'!$A$5:$A$204,0))*I20/INDEX('Trade Log'!$O$5:$O$204,MATCH(A20,'Trade Log'!$A$5:$A$204,0)),0)),"")
B21: =IF(A21="","",COUNTIF($A$5:A21,A21)) | D21: =IF(C21="","",TEXT(C21,"dddd")) | G21: =IFERROR(INDEX('Trade Log'!$F$5:$F$204,MATCH(A21,'Trade Log'!$A$5:$A$204,0)),"") | H21: =IFERROR(INDEX('Trade Log'!$I$5:$I$204,MATCH(A21,'Trade Log'!$A$5:$A$204,0)),"") | N21: =IF(OR(I21="",J21=""),"",I21*J21*100) | O21: =IF(N21="","",N21-IF(K21="",0,K21)) | P21: =IF(A21="","",O21-(I21*INDEX('Trade Log'!$P$5:$P$204,MATCH(A21,'Trade Log'!$A$5:$A$204,0))*100)-IFERROR(INDEX('Trade Log'!$Q$5:$Q$204,MATCH(A21,'Trade Log'!$A$5:$A$204,0))*I21/INDEX('Trade Log'!$O$5:$O$204,MATCH(A21,'Trade Log'!$A$5:$A$204,0)),0)) | Q21: =IFERROR(P21/(I21*INDEX('Trade Log'!$P$5:$P$204,MATCH(A21,'Trade Log'!$A$5:$A$204,0))*100+IFERROR(INDEX('Trade Log'!$Q$5:$Q$204,MATCH(A21,'Trade Log'!$A$5:$A$204,0))*I21/INDEX('Trade Log'!$O$5:$O$204,MATCH(A21,'Trade Log'!$A$5:$A$204,0)),0)),"")
... B304: =IF(A304="","",COUNTIF($A$5:A304,A304)) | D304: =IF(C304="","",TEXT(C304,"dddd")) | G304: =IFERROR(INDEX('Trade Log'!$F$5:$F$204,MATCH(A304,'Trade Log'!$A$5:$A$204,0)),"") | H304: =IFERROR(INDEX('Trade Log'!$I$5:$I$204,MATCH(A304,'Trade Log'!$A$5:$A$204,0)),"") | N304: =IF(OR(I304="",J304=""),"",I304*J304*100) | O304: =IF(N304="","",N304-IF(K304="",0,K304)) | P304: =IF(A304="","",O304-(I304*INDEX('Trade Log'!$P$5:$P$204,MATCH(A304,'Trade Log'!$A$5:$A$204,0))*100)-IFERROR(INDEX('Trade Log'!$Q$5:$Q$204,MATCH(A304,'Trade Log'!$A$5:$A$204,0))*I304/INDEX('Trade Log'!$O$5:$O$204,MATCH(A304,'Trade Log'!$A$5:$A$204,0)),0)) | Q304: =IFERROR(P304/(I304*INDEX('Trade Log'!$P$5:$P$204,MATCH(A304,'Trade Log'!$A$5:$A$204,0))*100+IFERROR(INDEX('Trade Log'!$Q$5:$Q$204,MATCH(A304,'Trade Log'!$A$5:$A$204,0))*I304/INDEX('Trade Log'!$O$5:$O$204,MATCH(A304,'Trade Log'!$A$5:$A$204,0)),0)),"")

Sheet Setup Review
A1: Options Trade Journal Review
A2: Summaries update from the Trade Log and Exit Log. Review weekly to spot which setups, days, times, and trim behavior are working.
A4: Overall Snapshot | D4: Trim Summary
A5: Total Trades | B5: =COUNTA('Trade Log'!$A$5:$A$204) -> 1 | D5: Total Trim Exits | E5: =COUNTIF('Exit Log'!$A$5:$A$304,"<>") -> 5
A6: Trades With Exits | B6: =COUNTIF('Trade Log'!$W$5:$W$204,">0") -> 1 | D6: Contracts Sold | E6: =SUM('Exit Log'!$I$5:$I$304) -> 10
A7: Open / Partial / Closed | B7: =COUNTIF('Trade Log'!$AD$5:$AD$204,"Open")&" / "&COUNTIF('Trade Log'!$AD$5:$AD$204,"Partially Trimmed")&" / "&COUNTIF('Trade Log'!$AD$5:$AD$204,"Closed") -> 0 / 0 / 1 | D7: Avg Trim P&L | E7: =IFERROR(AVERAGEIF('Exit Log'!$P$5:$P$304,"<>",'Exit Log'!$P$5:$P$304),"") -> 1070.9
A8: Net Realized P&L | B8: =SUM('Trade Log'!$AB$5:$AB$204) -> 5354.5 | D8: Best Trim | E8: =IFERROR(MAX('Exit Log'!$P$5:$P$304),"") -> 2799.27
A9: Win Rate (Trades With Exits) | B9: =IFERROR(COUNTIFS('Trade Log'!$AB$5:$AB$204,">0",'Trade Log'!$W$5:$W$204,">0")/B6,"") -> 1 | D9: Worst Trim | E9: =IFERROR(MIN('Exit Log'!$P$5:$P$304),"") -> 269.852
A10: Avg Realized Return | B10: =IFERROR(AVERAGEIF('Trade Log'!$W$5:$W$204,">0",'Trade Log'!$AC$5:$AC$204),"") -> 0.32648435 | D10: Avg Contracts per Trim | E10: =IFERROR(E6/E5,"") -> 2
A12: Performance by Setup
A13: Setup | B13: Trades | C13: Trades With Exits | D13: Contracts Sold | E13: Net P&L | F13: Avg Return | G13: Win Rate | H13: Notes
A14: Breakout | B14: =COUNTIF('Trade Log'!$H$5:$H$204,A14) -> 0 | C14: =COUNTIFS('Trade Log'!$H$5:$H$204,A14,'Trade Log'!$W$5:$W$204,">0") -> 0 | D14: =SUMIF('Trade Log'!$H$5:$H$204,A14,'Trade Log'!$W$5:$W$204) -> 0 | E14: =SUMIF('Trade Log'!$H$5:$H$204,A14,'Trade Log'!$AB$5:$AB$204) -> 0 | F14: =IFERROR(AVERAGEIFS('Trade Log'!$AC$5:$AC$204,'Trade Log'!$H$5:$H$204,A14,'Trade Log'!$W$5:$W$204,">0"),"") | G14: =IFERROR(COUNTIFS('Trade Log'!$H$5:$H$204,A14,'Trade Log'!$AB$5:$AB$204,">0",'Trade Log'!$W$5:$W$204,">0")/C14,"")
A15: Breakdown | B15: =COUNTIF('Trade Log'!$H$5:$H$204,A15) -> 0 | C15: =COUNTIFS('Trade Log'!$H$5:$H$204,A15,'Trade Log'!$W$5:$W$204,">0") -> 0 | D15: =SUMIF('Trade Log'!$H$5:$H$204,A15,'Trade Log'!$W$5:$W$204) -> 0 | E15: =SUMIF('Trade Log'!$H$5:$H$204,A15,'Trade Log'!$AB$5:$AB$204) -> 0 | F15: =IFERROR(AVERAGEIFS('Trade Log'!$AC$5:$AC$204,'Trade Log'!$H$5:$H$204,A15,'Trade Log'!$W$5:$W$204,">0"),"") | G15: =IFERROR(COUNTIFS('Trade Log'!$H$5:$H$204,A15,'Trade Log'!$AB$5:$AB$204,">0",'Trade Log'!$W$5:$W$204,">0")/C15,"")
A16: Pullback | B16: =COUNTIF('Trade Log'!$H$5:$H$204,A16) -> 0 | C16: =COUNTIFS('Trade Log'!$H$5:$H$204,A16,'Trade Log'!$W$5:$W$204,">0") -> 0 | D16: =SUMIF('Trade Log'!$H$5:$H$204,A16,'Trade Log'!$W$5:$W$204) -> 0 | E16: =SUMIF('Trade Log'!$H$5:$H$204,A16,'Trade Log'!$AB$5:$AB$204) -> 0 | F16: =IFERROR(AVERAGEIFS('Trade Log'!$AC$5:$AC$204,'Trade Log'!$H$5:$H$204,A16,'Trade Log'!$W$5:$W$204,">0"),"") | G16: =IFERROR(COUNTIFS('Trade Log'!$H$5:$H$204,A16,'Trade Log'!$AB$5:$AB$204,">0",'Trade Log'!$W$5:$W$204,">0")/C16,"")
A17: Reversal | B17: =COUNTIF('Trade Log'!$H$5:$H$204,A17) -> 0 | C17: =COUNTIFS('Trade Log'!$H$5:$H$204,A17,'Trade Log'!$W$5:$W$204,">0") -> 0 | D17: =SUMIF('Trade Log'!$H$5:$H$204,A17,'Trade Log'!$W$5:$W$204) -> 0 | E17: =SUMIF('Trade Log'!$H$5:$H$204,A17,'Trade Log'!$AB$5:$AB$204) -> 0 | F17: =IFERROR(AVERAGEIFS('Trade Log'!$AC$5:$AC$204,'Trade Log'!$H$5:$H$204,A17,'Trade Log'!$W$5:$W$204,">0"),"") | G17: =IFERROR(COUNTIFS('Trade Log'!$H$5:$H$204,A17,'Trade Log'!$AB$5:$AB$204,">0",'Trade Log'!$W$5:$W$204,">0")/C17,"")
A18: VWAP bounce | B18: =COUNTIF('Trade Log'!$H$5:$H$204,A18) -> 1 | C18: =COUNTIFS('Trade Log'!$H$5:$H$204,A18,'Trade Log'!$W$5:$W$204,">0") -> 1 | D18: =SUMIF('Trade Log'!$H$5:$H$204,A18,'Trade Log'!$W$5:$W$204) -> 10 | E18: =SUMIF('Trade Log'!$H$5:$H$204,A18,'Trade Log'!$AB$5:$AB$204) -> 5354.5 | F18: =IFERROR(AVERAGEIFS('Trade Log'!$AC$5:$AC$204,'Trade Log'!$H$5:$H$204,A18,'Trade Log'!$W$5:$W$204,">0"),"") -> 0.32648435 | G18: =IFERROR(COUNTIFS('Trade Log'!$H$5:$H$204,A18,'Trade Log'!$AB$5:$AB$204,">0",'Trade Log'!$W$5:$W$204,">0")/C18,"") -> 1
A19: Support bounce | B19: =COUNTIF('Trade Log'!$H$5:$H$204,A19) -> 0 | C19: =COUNTIFS('Trade Log'!$H$5:$H$204,A19,'Trade Log'!$W$5:$W$204,">0") -> 0 | D19: =SUMIF('Trade Log'!$H$5:$H$204,A19,'Trade Log'!$W$5:$W$204) -> 0 | E19: =SUMIF('Trade Log'!$H$5:$H$204,A19,'Trade Log'!$AB$5:$AB$204) -> 0 | F19: =IFERROR(AVERAGEIFS('Trade Log'!$AC$5:$AC$204,'Trade Log'!$H$5:$H$204,A19,'Trade Log'!$W$5:$W$204,">0"),"") | G19: =IFERROR(COUNTIFS('Trade Log'!$H$5:$H$204,A19,'Trade Log'!$AB$5:$AB$204,">0",'Trade Log'!$W$5:$W$204,">0")/C19,"")
A20: Resistance rejection | B20: =COUNTIF('Trade Log'!$H$5:$H$204,A20) -> 0 | C20: =COUNTIFS('Trade Log'!$H$5:$H$204,A20,'Trade Log'!$W$5:$W$204,">0") -> 0 | D20: =SUMIF('Trade Log'!$H$5:$H$204,A20,'Trade Log'!$W$5:$W$204) -> 0 | E20: =SUMIF('Trade Log'!$H$5:$H$204,A20,'Trade Log'!$AB$5:$AB$204) -> 0 | F20: =IFERROR(AVERAGEIFS('Trade Log'!$AC$5:$AC$204,'Trade Log'!$H$5:$H$204,A20,'Trade Log'!$W$5:$W$204,">0"),"") | G20: =IFERROR(COUNTIFS('Trade Log'!$H$5:$H$204,A20,'Trade Log'!$AB$5:$AB$204,">0",'Trade Log'!$W$5:$W$204,">0")/C20,"")
A21: News/catalyst | B21: =COUNTIF('Trade Log'!$H$5:$H$204,A21) -> 0 | C21: =COUNTIFS('Trade Log'!$H$5:$H$204,A21,'Trade Log'!$W$5:$W$204,">0") -> 0 | D21: =SUMIF('Trade Log'!$H$5:$H$204,A21,'Trade Log'!$W$5:$W$204) -> 0 | E21: =SUMIF('Trade Log'!$H$5:$H$204,A21,'Trade Log'!$AB$5:$AB$204) -> 0 | F21: =IFERROR(AVERAGEIFS('Trade Log'!$AC$5:$AC$204,'Trade Log'!$H$5:$H$204,A21,'Trade Log'!$W$5:$W$204,">0"),"") | G21: =IFERROR(COUNTIFS('Trade Log'!$H$5:$H$204,A21,'Trade Log'!$AB$5:$AB$204,">0",'Trade Log'!$W$5:$W$204,">0")/C21,"")
A22: Momentum | B22: =COUNTIF('Trade Log'!$H$5:$H$204,A22) -> 0 | C22: =COUNTIFS('Trade Log'!$H$5:$H$204,A22,'Trade Log'!$W$5:$W$204,">0") -> 0 | D22: =SUMIF('Trade Log'!$H$5:$H$204,A22,'Trade Log'!$W$5:$W$204) -> 0 | E22: =SUMIF('Trade Log'!$H$5:$H$204,A22,'Trade Log'!$AB$5:$AB$204) -> 0 | F22: =IFERROR(AVERAGEIFS('Trade Log'!$AC$5:$AC$204,'Trade Log'!$H$5:$H$204,A22,'Trade Log'!$W$5:$W$204,">0"),"") | G22: =IFERROR(COUNTIFS('Trade Log'!$H$5:$H$204,A22,'Trade Log'!$AB$5:$AB$204,">0",'Trade Log'!$W$5:$W$204,">0")/C22,"")
A25: Performance by Day | H25: Performance by Session
A26: Day | B26: Trades | C26: Trades With Exits | D26: Net P&L | E26: Avg Return | F26: Win Rate | H26: Session | I26: Trades | J26: Trades With Exits | K26: Net P&L | L26: Avg Return | M26: Win Rate
A27: Monday | B27: =COUNTIF('Trade Log'!$C$5:$C$204,A27) -> 0 | C27: =COUNTIFS('Trade Log'!$C$5:$C$204,A27,'Trade Log'!$W$5:$W$204,">0") -> 0 | D27: =SUMIF('Trade Log'!$C$5:$C$204,A27,'Trade Log'!$AB$5:$AB$204) -> 0 | E27: =IFERROR(AVERAGEIFS('Trade Log'!$AC$5:$AC$204,'Trade Log'!$C$5:$C$204,A27,'Trade Log'!$W$5:$W$204,">0"),"") | F27: =IFERROR(COUNTIFS('Trade Log'!$C$5:$C$204,A27,'Trade Log'!$AB$5:$AB$204,">0",'Trade Log'!$W$5:$W$204,">0")/C27,"") | H27: Opening 30 Min | I27: =COUNTIF('Trade Log'!$E$5:$E$204,H27) -> 1 | J27: =COUNTIFS('Trade Log'!$E$5:$E$204,H27,'Trade Log'!$W$5:$W$204,">0") -> 1 | K27: =SUMIF('Trade Log'!$E$5:$E$204,H27,'Trade Log'!$AB$5:$AB$204) -> 5354.5 | L27: =IFERROR(AVERAGEIFS('Trade Log'!$AC$5:$AC$204,'Trade Log'!$E$5:$E$204,H27,'Trade Log'!$W$5:$W$204,">0"),"") -> 0.32648435 | M27: =IFERROR(COUNTIFS('Trade Log'!$E$5:$E$204,H27,'Trade Log'!$AB$5:$AB$204,">0",'Trade Log'!$W$5:$W$204,">0")/J27,"") -> 1
A28: Tuesday | B28: =COUNTIF('Trade Log'!$C$5:$C$204,A28) -> 0 | C28: =COUNTIFS('Trade Log'!$C$5:$C$204,A28,'Trade Log'!$W$5:$W$204,">0") -> 0 | D28: =SUMIF('Trade Log'!$C$5:$C$204,A28,'Trade Log'!$AB$5:$AB$204) -> 0 | E28: =IFERROR(AVERAGEIFS('Trade Log'!$AC$5:$AC$204,'Trade Log'!$C$5:$C$204,A28,'Trade Log'!$W$5:$W$204,">0"),"") | F28: =IFERROR(COUNTIFS('Trade Log'!$C$5:$C$204,A28,'Trade Log'!$AB$5:$AB$204,">0",'Trade Log'!$W$5:$W$204,">0")/C28,"") | H28: Morning | I28: =COUNTIF('Trade Log'!$E$5:$E$204,H28) -> 0 | J28: =COUNTIFS('Trade Log'!$E$5:$E$204,H28,'Trade Log'!$W$5:$W$204,">0") -> 0 | K28: =SUMIF('Trade Log'!$E$5:$E$204,H28,'Trade Log'!$AB$5:$AB$204) -> 0 | L28: =IFERROR(AVERAGEIFS('Trade Log'!$AC$5:$AC$204,'Trade Log'!$E$5:$E$204,H28,'Trade Log'!$W$5:$W$204,">0"),"") | M28: =IFERROR(COUNTIFS('Trade Log'!$E$5:$E$204,H28,'Trade Log'!$AB$5:$AB$204,">0",'Trade Log'!$W$5:$W$204,">0")/J28,"")
A29: Wednesday | B29: =COUNTIF('Trade Log'!$C$5:$C$204,A29) -> 0 | C29: =COUNTIFS('Trade Log'!$C$5:$C$204,A29,'Trade Log'!$W$5:$W$204,">0") -> 0 | D29: =SUMIF('Trade Log'!$C$5:$C$204,A29,'Trade Log'!$AB$5:$AB$204) -> 0 | E29: =IFERROR(AVERAGEIFS('Trade Log'!$AC$5:$AC$204,'Trade Log'!$C$5:$C$204,A29,'Trade Log'!$W$5:$W$204,">0"),"") | F29: =IFERROR(COUNTIFS('Trade Log'!$C$5:$C$204,A29,'Trade Log'!$AB$5:$AB$204,">0",'Trade Log'!$W$5:$W$204,">0")/C29,"") | H29: Midday | I29: =COUNTIF('Trade Log'!$E$5:$E$204,H29) -> 0 | J29: =COUNTIFS('Trade Log'!$E$5:$E$204,H29,'Trade Log'!$W$5:$W$204,">0") -> 0 | K29: =SUMIF('Trade Log'!$E$5:$E$204,H29,'Trade Log'!$AB$5:$AB$204) -> 0 | L29: =IFERROR(AVERAGEIFS('Trade Log'!$AC$5:$AC$204,'Trade Log'!$E$5:$E$204,H29,'Trade Log'!$W$5:$W$204,">0"),"") | M29: =IFERROR(COUNTIFS('Trade Log'!$E$5:$E$204,H29,'Trade Log'!$AB$5:$AB$204,">0",'Trade Log'!$W$5:$W$204,">0")/J29,"")
A30: Thursday | B30: =COUNTIF('Trade Log'!$C$5:$C$204,A30) -> 1 | C30: =COUNTIFS('Trade Log'!$C$5:$C$204,A30,'Trade Log'!$W$5:$W$204,">0") -> 1 | D30: =SUMIF('Trade Log'!$C$5:$C$204,A30,'Trade Log'!$AB$5:$AB$204) -> 5354.5 | E30: =IFERROR(AVERAGEIFS('Trade Log'!$AC$5:$AC$204,'Trade Log'!$C$5:$C$204,A30,'Trade Log'!$W$5:$W$204,">0"),"") -> 0.32648435 | F30: =IFERROR(COUNTIFS('Trade Log'!$C$5:$C$204,A30,'Trade Log'!$AB$5:$AB$204,">0",'Trade Log'!$W$5:$W$204,">0")/C30,"") -> 1 | H30: Power Hour | I30: =COUNTIF('Trade Log'!$E$5:$E$204,H30) -> 0 | J30: =COUNTIFS('Trade Log'!$E$5:$E$204,H30,'Trade Log'!$W$5:$W$204,">0") -> 0 | K30: =SUMIF('Trade Log'!$E$5:$E$204,H30,'Trade Log'!$AB$5:$AB$204) -> 0 | L30: =IFERROR(AVERAGEIFS('Trade Log'!$AC$5:$AC$204,'Trade Log'!$E$5:$E$204,H30,'Trade Log'!$W$5:$W$204,">0"),"") | M30: =IFERROR(COUNTIFS('Trade Log'!$E$5:$E$204,H30,'Trade Log'!$AB$5:$AB$204,">0",'Trade Log'!$W$5:$W$204,">0")/J30,"")
A31: Friday | B31: =COUNTIF('Trade Log'!$C$5:$C$204,A31) -> 0 | C31: =COUNTIFS('Trade Log'!$C$5:$C$204,A31,'Trade Log'!$W$5:$W$204,">0") -> 0 | D31: =SUMIF('Trade Log'!$C$5:$C$204,A31,'Trade Log'!$AB$5:$AB$204) -> 0 | E31: =IFERROR(AVERAGEIFS('Trade Log'!$AC$5:$AC$204,'Trade Log'!$C$5:$C$204,A31,'Trade Log'!$W$5:$W$204,">0"),"") | F31: =IFERROR(COUNTIFS('Trade Log'!$C$5:$C$204,A31,'Trade Log'!$AB$5:$AB$204,">0",'Trade Log'!$W$5:$W$204,">0")/C31,"") | H31: After-hours | I31: =COUNTIF('Trade Log'!$E$5:$E$204,H31) -> 0 | J31: =COUNTIFS('Trade Log'!$E$5:$E$204,H31,'Trade Log'!$W$5:$W$204,">0") -> 0 | K31: =SUMIF('Trade Log'!$E$5:$E$204,H31,'Trade Log'!$AB$5:$AB$204) -> 0 | L31: =IFERROR(AVERAGEIFS('Trade Log'!$AC$5:$AC$204,'Trade Log'!$E$5:$E$204,H31,'Trade Log'!$W$5:$W$204,">0"),"") | M31: =IFERROR(COUNTIFS('Trade Log'!$E$5:$E$204,H31,'Trade Log'!$AB$5:$AB$204,">0",'Trade Log'!$W$5:$W$204,">0")/J31,"")
A34: Performance by Contract Type
A35: Call/Put | B35: Trades | C35: Trades With Exits | D35: Net P&L | E35: Avg Return | F35: Win Rate
A36: Call | B36: =COUNTIF('Trade Log'!$I$5:$I$204,A36) -> 1 | C36: =COUNTIFS('Trade Log'!$I$5:$I$204,A36,'Trade Log'!$W$5:$W$204,">0") -> 1 | D36: =SUMIF('Trade Log'!$I$5:$I$204,A36,'Trade Log'!$AB$5:$AB$204) -> 5354.5 | E36: =IFERROR(AVERAGEIFS('Trade Log'!$AC$5:$AC$204,'Trade Log'!$I$5:$I$204,A36,'Trade Log'!$W$5:$W$204,">0"),"") -> 0.32648435 | F36: =IFERROR(COUNTIFS('Trade Log'!$I$5:$I$204,A36,'Trade Log'!$AB$5:$AB$204,">0",'Trade Log'!$W$5:$W$204,">0")/C36,"") -> 1
A37: Put | B37: =COUNTIF('Trade Log'!$I$5:$I$204,A37) -> 0 | C37: =COUNTIFS('Trade Log'!$I$5:$I$204,A37,'Trade Log'!$W$5:$W$204,">0") -> 0 | D37: =SUMIF('Trade Log'!$I$5:$I$204,A37,'Trade Log'!$AB$5:$AB$204) -> 0 | E37: =IFERROR(AVERAGEIFS('Trade Log'!$AC$5:$AC$204,'Trade Log'!$I$5:$I$204,A37,'Trade Log'!$W$5:$W$204,">0"),"") | F37: =IFERROR(COUNTIFS('Trade Log'!$I$5:$I$204,A37,'Trade Log'!$AB$5:$AB$204,">0",'Trade Log'!$W$5:$W$204,">0")/C37,"")

Sheet Rules & Lessons
A1: Rules & Lessons
A2: Keep your trading rules and recurring lessons here. Review this before entering trades.
A4: Rule # | B4: Rule | C4: Why it matters | D4: Status | E4: Added Date
A5: 1 | B5: No journal entry, no trade. | C5: Prevents impulsive entries. | D5: Active | E5: 46163
A6: 2 | B6: Every entry needs a written trim rule before entry. | C6: Scaling out works best when the exit plan is predefined. | D6: Active | E6: 46163
A7: 3 | B7: Record each trim immediately on the Exit Log. | C7: Keeps the rollup accurate and avoids forgetting partial exits. | D7: Active | E7: 46163
A8: 4 | B8: Stop/invalidation must be written before entry. | C8: Defines when the idea is wrong before emotions take over. | D8: Active | E8: 46163
A9: 5 | B9: Avoid far OTM contracts until I have more data. | C9: Reduces lottery-ticket trades while learning. | D9: Testing | E9: 46163

Sheet Setup Tags
A1: Setup Tag Reference
A2: Use these exact setup names in the Trade Log so review formulas and dropdowns stay consistent.
A4: Setup tag | B4: Meaning | D4: Moneyness | E4: Quick reminder
A5: Breakout | B5: Price breaks above resistance | D5: ITM | E5: Option already has intrinsic value relative to the stock price.
A6: Breakdown | B6: Price breaks below support | D6: ATM | E6: Strike is near the current stock price.
A7: Pullback | B7: Entry after price retraces within trend | D7: OTM | E7: Option has no intrinsic value yet; relies on movement/time/volatility.
A8: Reversal | B8: Attempting to catch a turn
A9: VWAP bounce | B9: Price reclaims or bounces from VWAP
A10: Support bounce | B10: Entry near support
A11: Resistance rejection | B11: Entry near resistance
A12: News/catalyst | B12: Earnings, Fed, data, sector news, etc.
A13: Momentum | B13: Entering because price is moving strongly
